job_id,timestamp,machine,chip,target_model,draft_model,draft_len,n_prompt,n_predict,repeat,prompt_key,tokens_per_sec,prompt_eval_ms,eval_ms_per_token,draft_acceptance_rate,speedup_vs_baseline,raw_log,status
A_moe_q4_np64_r0,2026-03-14T22:14:16.688072,m2ultra,M2 Ultra,moe_q4,none,0,64,256,0,bench,55.297118,110.209208,18.084125,,1.0,raw/A_moe_q4_np64_r0.txt,ok
A_moe_q4_np64_r1,2026-03-14T22:14:26.872646,m2ultra,M2 Ultra,moe_q4,none,0,64,256,1,bench,55.283663,110.88375,18.08852652734375,,1.0,raw/A_moe_q4_np64_r1.txt,ok
A_moe_q4_np64_r2,2026-03-14T22:14:37.039888,m2ultra,M2 Ultra,moe_q4,none,0,64,256,2,bench,55.22004,110.523708,18.10936767578125,,1.0,raw/A_moe_q4_np64_r2.txt,ok
A_moe_q4_np256_r0,2026-03-14T22:14:47.183953,m2ultra,M2 Ultra,moe_q4,none,0,256,256,0,bench,55.244921,215.846625,18.10121142578125,,1.0,raw/A_moe_q4_np256_r0.txt,ok
A_moe_q4_np256_r1,2026-03-14T22:14:57.373569,m2ultra,M2 Ultra,moe_q4,none,0,256,256,1,bench,55.203122,214.99475,18.11491748046875,,1.0,raw/A_moe_q4_np256_r1.txt,ok
A_moe_q4_np256_r2,2026-03-14T22:15:07.523333,m2ultra,M2 Ultra,moe_q4,none,0,256,256,2,bench,55.245432,215.993583,18.10104410546875,,1.0,raw/A_moe_q4_np256_r2.txt,ok
A_moe_q4_np512_r0,2026-03-14T22:15:18.192887,m2ultra,M2 Ultra,moe_q4,none,0,512,256,0,bench,55.459896,340.401,18.0310470390625,,1.0,raw/A_moe_q4_np512_r0.txt,ok
A_moe_q4_np512_r1,2026-03-14T22:15:28.856849,m2ultra,M2 Ultra,moe_q4,none,0,512,256,1,bench,55.297276,340.46775,18.08407356640625,,1.0,raw/A_moe_q4_np512_r1.txt,ok
A_moe_q4_np512_r2,2026-03-14T22:15:39.127378,m2ultra,M2 Ultra,moe_q4,none,0,512,256,2,bench,55.247696,340.636417,18.10030224609375,,1.0,raw/A_moe_q4_np512_r2.txt,ok
A_moe_q8_np64_r0,2026-03-14T22:15:53.436875,m2ultra,M2 Ultra,moe_q8,none,0,64,256,0,bench,49.995602,105.526167,20.00175927734375,,1.0,raw/A_moe_q8_np64_r0.txt,ok
A_moe_q8_np64_r1,2026-03-14T22:16:07.743483,m2ultra,M2 Ultra,moe_q8,none,0,64,256,1,bench,49.809268,105.16375,20.076584796875,,1.0,raw/A_moe_q8_np64_r1.txt,ok
A_moe_q8_np64_r2,2026-03-14T22:16:22.071201,m2ultra,M2 Ultra,moe_q8,none,0,64,256,2,bench,49.856946,105.525667,20.05738590625,,1.0,raw/A_moe_q8_np64_r2.txt,ok
A_moe_q8_np256_r0,2026-03-14T22:16:36.907673,m2ultra,M2 Ultra,moe_q8,none,0,256,256,0,bench,49.997765,207.438,20.00089420703125,,1.0,raw/A_moe_q8_np256_r0.txt,ok
A_moe_q8_np256_r1,2026-03-14T22:16:51.178897,m2ultra,M2 Ultra,moe_q8,none,0,256,256,1,bench,50.002695,207.015375,19.99892219921875,,1.0,raw/A_moe_q8_np256_r1.txt,ok
A_moe_q8_np256_r2,2026-03-14T22:17:05.501215,m2ultra,M2 Ultra,moe_q8,none,0,256,256,2,bench,49.94365,206.759708,20.02256558984375,,1.0,raw/A_moe_q8_np256_r2.txt,ok
A_moe_q8_np512_r0,2026-03-14T22:17:20.326881,m2ultra,M2 Ultra,moe_q8,none,0,512,256,0,bench,50.030618,333.685375,19.98776041796875,,1.0,raw/A_moe_q8_np512_r0.txt,ok
A_moe_q8_np512_r1,2026-03-14T22:17:35.161941,m2ultra,M2 Ultra,moe_q8,none,0,512,256,1,bench,50.07239,334.074833,19.9710859375,,1.0,raw/A_moe_q8_np512_r1.txt,ok
A_moe_q8_np512_r2,2026-03-14T22:17:49.991170,m2ultra,M2 Ultra,moe_q8,none,0,512,256,2,bench,49.815706,333.871709,20.0739903984375,,1.0,raw/A_moe_q8_np512_r2.txt,ok
B_moe_q4_draft_0.8b_g4_short_factual_r0,2026-03-14T22:17:58.596079,m2ultra,M2 Ultra,moe_q4,draft_0.8b,4,6,256,0,short_factual,63.716,,15.696498054474707,0.05769,,raw/B_moe_q4_draft_0.8b_g4_short_factual_r0.txt,ok
B_moe_q4_draft_0.8b_g4_short_factual_r1,2026-03-14T22:18:05.794664,m2ultra,M2 Ultra,moe_q4,draft_0.8b,4,6,256,1,short_factual,64.942,,15.396887159533074,0.05769,,raw/B_moe_q4_draft_0.8b_g4_short_factual_r1.txt,ok
B_moe_q4_draft_0.8b_g4_short_factual_r2,2026-03-14T22:18:13.004906,m2ultra,M2 Ultra,moe_q4,draft_0.8b,4,6,256,2,short_factual,64.898,,15.408560311284047,0.05769,,raw/B_moe_q4_draft_0.8b_g4_short_factual_r2.txt,ok
B_moe_q4_draft_0.8b_g4_code_gen_r0,2026-03-14T22:18:20.197618,m2ultra,M2 Ultra,moe_q4,draft_0.8b,4,18,256,0,code_gen,63.346,,15.785992217898835,0.02468,,raw/B_moe_q4_draft_0.8b_g4_code_gen_r0.txt,ok
B_moe_q4_draft_0.8b_g4_code_gen_r1,2026-03-14T22:18:27.403504,m2ultra,M2 Ultra,moe_q4,draft_0.8b,4,18,256,1,code_gen,63.401,,15.774319066147863,0.02468,,raw/B_moe_q4_draft_0.8b_g4_code_gen_r1.txt,ok
B_moe_q4_draft_0.8b_g4_code_gen_r2,2026-03-14T22:18:34.606394,m2ultra,M2 Ultra,moe_q4,draft_0.8b,4,18,256,2,code_gen,62.963,,15.883268482490273,0.02468,,raw/B_moe_q4_draft_0.8b_g4_code_gen_r2.txt,ok
B_moe_q4_draft_0.8b_g4_long_reasoning_r0,2026-03-14T22:18:41.811100,m2ultra,M2 Ultra,moe_q4,draft_0.8b,4,25,256,0,long_reasoning,62.919,,15.894941634241246,0.00703,,raw/B_moe_q4_draft_0.8b_g4_long_reasoning_r0.txt,ok
B_moe_q4_draft_0.8b_g4_long_reasoning_r1,2026-03-14T22:18:49.011399,m2ultra,M2 Ultra,moe_q4,draft_0.8b,4,25,256,1,long_reasoning,63.081,,15.852140077821012,0.00703,,raw/B_moe_q4_draft_0.8b_g4_long_reasoning_r1.txt,ok
B_moe_q4_draft_0.8b_g4_long_reasoning_r2,2026-03-14T22:18:56.202669,m2ultra,M2 Ultra,moe_q4,draft_0.8b,4,25,256,2,long_reasoning,63.22,,15.817120622568096,0.00703,,raw/B_moe_q4_draft_0.8b_g4_long_reasoning_r2.txt,ok
B_moe_q4_draft_0.8b_g4_chinese_r0,2026-03-14T22:19:03.381049,m2ultra,M2 Ultra,moe_q4,draft_0.8b,4,1,256,0,chinese,62.679,,15.95330739299611,0.01337,,raw/B_moe_q4_draft_0.8b_g4_chinese_r0.txt,ok
B_moe_q4_draft_0.8b_g4_chinese_r1,2026-03-14T22:19:10.579586,m2ultra,M2 Ultra,moe_q4,draft_0.8b,4,1,256,1,chinese,62.655,,15.961089494163424,0.01337,,raw/B_moe_q4_draft_0.8b_g4_chinese_r1.txt,ok
B_moe_q4_draft_0.8b_g4_chinese_r2,2026-03-14T22:19:17.777481,m2ultra,M2 Ultra,moe_q4,draft_0.8b,4,1,256,2,chinese,62.592,,15.976653696498055,0.01337,,raw/B_moe_q4_draft_0.8b_g4_chinese_r2.txt,ok
B_moe_q4_draft_0.8b_g8_short_factual_r0,2026-03-14T22:19:24.518913,m2ultra,M2 Ultra,moe_q4,draft_0.8b,8,6,256,0,short_factual,66.272,,15.089494163424124,0.0197999999999999,,raw/B_moe_q4_draft_0.8b_g8_short_factual_r0.txt,ok
B_moe_q4_draft_0.8b_g8_short_factual_r1,2026-03-14T22:19:31.715558,m2ultra,M2 Ultra,moe_q4,draft_0.8b,8,6,256,1,short_factual,66.345,,15.073929961089494,0.0197999999999999,,raw/B_moe_q4_draft_0.8b_g8_short_factual_r1.txt,ok
B_moe_q4_draft_0.8b_g8_short_factual_r2,2026-03-14T22:19:38.470832,m2ultra,M2 Ultra,moe_q4,draft_0.8b,8,6,256,2,short_factual,66.348,,15.070038910505836,0.0197999999999999,,raw/B_moe_q4_draft_0.8b_g8_short_factual_r2.txt,ok
B_moe_q4_draft_0.8b_g8_code_gen_r0,2026-03-14T22:19:45.657195,m2ultra,M2 Ultra,moe_q4,draft_0.8b,8,18,256,0,code_gen,64.801,,15.431906614785992,0.0072299999999999,,raw/B_moe_q4_draft_0.8b_g8_code_gen_r0.txt,ok
B_moe_q4_draft_0.8b_g8_code_gen_r1,2026-03-14T22:19:52.846412,m2ultra,M2 Ultra,moe_q4,draft_0.8b,8,18,256,1,code_gen,64.753,,15.443579766536965,0.0072299999999999,,raw/B_moe_q4_draft_0.8b_g8_code_gen_r1.txt,ok
B_moe_q4_draft_0.8b_g8_code_gen_r2,2026-03-14T22:20:00.070095,m2ultra,M2 Ultra,moe_q4,draft_0.8b,8,18,256,2,code_gen,64.743,,15.447470817120623,0.0072299999999999,,raw/B_moe_q4_draft_0.8b_g8_code_gen_r2.txt,ok
B_moe_q4_draft_0.8b_g8_long_reasoning_r0,2026-03-14T22:20:07.285717,m2ultra,M2 Ultra,moe_q4,draft_0.8b,8,25,256,0,long_reasoning,64.887,,15.410852713178295,0.00454,,raw/B_moe_q4_draft_0.8b_g8_long_reasoning_r0.txt,ok
B_moe_q4_draft_0.8b_g8_long_reasoning_r1,2026-03-14T22:20:14.496565,m2ultra,M2 Ultra,moe_q4,draft_0.8b,8,25,256,1,long_reasoning,64.91,,15.406976744186046,0.00454,,raw/B_moe_q4_draft_0.8b_g8_long_reasoning_r1.txt,ok
B_moe_q4_draft_0.8b_g8_long_reasoning_r2,2026-03-14T22:20:21.700741,m2ultra,M2 Ultra,moe_q4,draft_0.8b,8,25,256,2,long_reasoning,64.93,,15.4031007751938,0.00454,,raw/B_moe_q4_draft_0.8b_g8_long_reasoning_r2.txt,ok
B_moe_q4_draft_0.8b_g8_chinese_r0,2026-03-14T22:20:28.861239,m2ultra,M2 Ultra,moe_q4,draft_0.8b,8,1,256,0,chinese,64.847,,15.42023346303502,0.01175,,raw/B_moe_q4_draft_0.8b_g8_chinese_r0.txt,ok
B_moe_q4_draft_0.8b_g8_chinese_r1,2026-03-14T22:20:36.048195,m2ultra,M2 Ultra,moe_q4,draft_0.8b,8,1,256,1,chinese,64.764,,15.439688715953308,0.01175,,raw/B_moe_q4_draft_0.8b_g8_chinese_r1.txt,ok
B_moe_q4_draft_0.8b_g8_chinese_r2,2026-03-14T22:20:43.259856,m2ultra,M2 Ultra,moe_q4,draft_0.8b,8,1,256,2,chinese,64.809,,15.428015564202335,0.01175,,raw/B_moe_q4_draft_0.8b_g8_chinese_r2.txt,ok
B_moe_q4_draft_0.8b_g16_short_factual_r0,2026-03-14T22:20:49.952769,m2ultra,M2 Ultra,moe_q4,draft_0.8b,16,6,256,0,short_factual,70.269,,14.229571984435797,0.00501,,raw/B_moe_q4_draft_0.8b_g16_short_factual_r0.txt,ok
B_moe_q4_draft_0.8b_g16_short_factual_r1,2026-03-14T22:20:56.652488,m2ultra,M2 Ultra,moe_q4,draft_0.8b,16,6,256,1,short_factual,70.18,,14.249027237354085,0.00501,,raw/B_moe_q4_draft_0.8b_g16_short_factual_r1.txt,ok
B_moe_q4_draft_0.8b_g16_short_factual_r2,2026-03-14T22:21:03.367217,m2ultra,M2 Ultra,moe_q4,draft_0.8b,16,6,256,2,short_factual,70.331,,14.217898832684824,0.00501,,raw/B_moe_q4_draft_0.8b_g16_short_factual_r2.txt,ok
B_moe_q4_draft_0.8b_g16_code_gen_r0,2026-03-14T22:21:10.128007,m2ultra,M2 Ultra,moe_q4,draft_0.8b,16,18,256,0,code_gen,69.87,,14.311284046692608,0.00254,,raw/B_moe_q4_draft_0.8b_g16_code_gen_r0.txt,ok
B_moe_q4_draft_0.8b_g16_code_gen_r1,2026-03-14T22:21:16.868953,m2ultra,M2 Ultra,moe_q4,draft_0.8b,16,18,256,1,code_gen,69.825,,14.32295719844358,0.00254,,raw/B_moe_q4_draft_0.8b_g16_code_gen_r1.txt,ok
B_moe_q4_draft_0.8b_g16_code_gen_r2,2026-03-14T22:21:23.589581,m2ultra,M2 Ultra,moe_q4,draft_0.8b,16,18,256,2,code_gen,69.571,,14.373540856031129,0.00254,,raw/B_moe_q4_draft_0.8b_g16_code_gen_r2.txt,ok
B_moe_q4_draft_0.8b_g16_long_reasoning_r0,2026-03-14T22:21:30.267132,m2ultra,M2 Ultra,moe_q4,draft_0.8b,16,25,256,0,long_reasoning,69.628,,14.361867704280156,0.00099,,raw/B_moe_q4_draft_0.8b_g16_long_reasoning_r0.txt,ok
B_moe_q4_draft_0.8b_g16_long_reasoning_r1,2026-03-14T22:21:37.034268,m2ultra,M2 Ultra,moe_q4,draft_0.8b,16,25,256,1,long_reasoning,69.401,,14.408560311284047,0.00099,,raw/B_moe_q4_draft_0.8b_g16_long_reasoning_r1.txt,ok
B_moe_q4_draft_0.8b_g16_long_reasoning_r2,2026-03-14T22:21:43.793848,m2ultra,M2 Ultra,moe_q4,draft_0.8b,16,25,256,2,long_reasoning,69.204,,14.45136186770428,0.00099,,raw/B_moe_q4_draft_0.8b_g16_long_reasoning_r2.txt,ok
B_moe_q4_draft_0.8b_g16_chinese_r0,2026-03-14T22:21:50.557111,m2ultra,M2 Ultra,moe_q4,draft_0.8b,16,1,256,0,chinese,69.451,,14.396887159533074,0.00099,,raw/B_moe_q4_draft_0.8b_g16_chinese_r0.txt,ok
B_moe_q4_draft_0.8b_g16_chinese_r1,2026-03-14T22:21:57.311379,m2ultra,M2 Ultra,moe_q4,draft_0.8b,16,1,256,1,chinese,69.586,,14.369649805447471,0.00099,,raw/B_moe_q4_draft_0.8b_g16_chinese_r1.txt,ok
B_moe_q4_draft_0.8b_g16_chinese_r2,2026-03-14T22:22:03.999291,m2ultra,M2 Ultra,moe_q4,draft_0.8b,16,1,256,2,chinese,69.338,,14.424124513618677,0.00099,,raw/B_moe_q4_draft_0.8b_g16_chinese_r2.txt,ok
B_moe_q4_draft_2b_g4_short_factual_r0,2026-03-14T22:22:12.734198,m2ultra,M2 Ultra,moe_q4,draft_2b,4,6,256,0,short_factual,57.038,,17.53307392996109,0.11364,,raw/B_moe_q4_draft_2b_g4_short_factual_r0.txt,ok
B_moe_q4_draft_2b_g4_short_factual_r1,2026-03-14T22:22:20.456457,m2ultra,M2 Ultra,moe_q4,draft_2b,4,6,256,1,short_factual,56.839,,17.595330739299612,0.11364,,raw/B_moe_q4_draft_2b_g4_short_factual_r1.txt,ok
B_moe_q4_draft_2b_g4_short_factual_r2,2026-03-14T22:22:28.177167,m2ultra,M2 Ultra,moe_q4,draft_2b,4,6,256,2,short_factual,57.09,,17.51750972762646,0.11364,,raw/B_moe_q4_draft_2b_g4_short_factual_r2.txt,ok
B_moe_q4_draft_2b_g4_code_gen_r0,2026-03-14T22:22:35.888693,m2ultra,M2 Ultra,moe_q4,draft_2b,4,18,256,0,code_gen,56.158,,17.80544747081712,0.01778,,raw/B_moe_q4_draft_2b_g4_code_gen_r0.txt,ok
B_moe_q4_draft_2b_g4_code_gen_r1,2026-03-14T22:22:43.613604,m2ultra,M2 Ultra,moe_q4,draft_2b,4,18,256,1,code_gen,56.179,,17.801556420233464,0.01778,,raw/B_moe_q4_draft_2b_g4_code_gen_r1.txt,ok
B_moe_q4_draft_2b_g4_code_gen_r2,2026-03-14T22:22:51.390375,m2ultra,M2 Ultra,moe_q4,draft_2b,4,18,256,2,code_gen,56.037,,17.844357976653697,0.01778,,raw/B_moe_q4_draft_2b_g4_code_gen_r2.txt,ok
B_moe_q4_draft_2b_g4_long_reasoning_r0,2026-03-14T22:22:59.166097,m2ultra,M2 Ultra,moe_q4,draft_2b,4,25,256,0,long_reasoning,56.75,,17.622568093385215,0.00806,,raw/B_moe_q4_draft_2b_g4_long_reasoning_r0.txt,ok
B_moe_q4_draft_2b_g4_long_reasoning_r1,2026-03-14T22:23:06.931666,m2ultra,M2 Ultra,moe_q4,draft_2b,4,25,256,1,long_reasoning,56.574,,17.67704280155642,0.00806,,raw/B_moe_q4_draft_2b_g4_long_reasoning_r1.txt,ok
B_moe_q4_draft_2b_g4_long_reasoning_r2,2026-03-14T22:23:14.627563,m2ultra,M2 Ultra,moe_q4,draft_2b,4,25,256,2,long_reasoning,56.65,,17.653696498054476,0.00806,,raw/B_moe_q4_draft_2b_g4_long_reasoning_r2.txt,ok
B_moe_q4_draft_2b_g4_chinese_r0,2026-03-14T22:23:22.337947,m2ultra,M2 Ultra,moe_q4,draft_2b,4,1,256,0,chinese,56.628,,17.657587548638134,0.02004,,raw/B_moe_q4_draft_2b_g4_chinese_r0.txt,ok
B_moe_q4_draft_2b_g4_chinese_r1,2026-03-14T22:23:30.051161,m2ultra,M2 Ultra,moe_q4,draft_2b,4,1,256,1,chinese,56.589,,17.673151750972764,0.02004,,raw/B_moe_q4_draft_2b_g4_chinese_r1.txt,ok
B_moe_q4_draft_2b_g4_chinese_r2,2026-03-14T22:23:37.753713,m2ultra,M2 Ultra,moe_q4,draft_2b,4,1,256,2,chinese,56.648,,17.653696498054476,0.02004,,raw/B_moe_q4_draft_2b_g4_chinese_r2.txt,ok
B_moe_q4_draft_2b_g8_short_factual_r0,2026-03-14T22:23:45.475904,m2ultra,M2 Ultra,moe_q4,draft_2b,8,6,256,0,short_factual,58.379,,17.1284046692607,0.04521,,raw/B_moe_q4_draft_2b_g8_short_factual_r0.txt,ok
B_moe_q4_draft_2b_g8_short_factual_r1,2026-03-14T22:23:53.174219,m2ultra,M2 Ultra,moe_q4,draft_2b,8,6,256,1,short_factual,58.271,,17.15953307392996,0.04521,,raw/B_moe_q4_draft_2b_g8_short_factual_r1.txt,ok
B_moe_q4_draft_2b_g8_short_factual_r2,2026-03-14T22:24:00.875712,m2ultra,M2 Ultra,moe_q4,draft_2b,8,6,256,2,short_factual,58.264,,17.163424124513618,0.04521,,raw/B_moe_q4_draft_2b_g8_short_factual_r2.txt,ok
B_moe_q4_draft_2b_g8_code_gen_r0,2026-03-14T22:24:08.600253,m2ultra,M2 Ultra,moe_q4,draft_2b,8,18,256,0,code_gen,59.195,,16.891472868217054,0.00612,,raw/B_moe_q4_draft_2b_g8_code_gen_r0.txt,ok
B_moe_q4_draft_2b_g8_code_gen_r1,2026-03-14T22:24:16.324151,m2ultra,M2 Ultra,moe_q4,draft_2b,8,18,256,1,code_gen,59.166,,16.9031007751938,0.00612,,raw/B_moe_q4_draft_2b_g8_code_gen_r1.txt,ok
B_moe_q4_draft_2b_g8_code_gen_r2,2026-03-14T22:24:24.031926,m2ultra,M2 Ultra,moe_q4,draft_2b,8,18,256,2,code_gen,59.117,,16.914728682170544,0.00612,,raw/B_moe_q4_draft_2b_g8_code_gen_r2.txt,ok
B_moe_q4_draft_2b_g8_long_reasoning_r0,2026-03-14T22:24:31.757445,m2ultra,M2 Ultra,moe_q4,draft_2b,8,25,256,0,long_reasoning,57.529,,17.381322957198442,0.00778,,raw/B_moe_q4_draft_2b_g8_long_reasoning_r0.txt,ok
B_moe_q4_draft_2b_g8_long_reasoning_r1,2026-03-14T22:24:39.471100,m2ultra,M2 Ultra,moe_q4,draft_2b,8,25,256,1,long_reasoning,57.62,,17.35408560311284,0.00778,,raw/B_moe_q4_draft_2b_g8_long_reasoning_r1.txt,ok
B_moe_q4_draft_2b_g8_long_reasoning_r2,2026-03-14T22:24:47.181630,m2ultra,M2 Ultra,moe_q4,draft_2b,8,25,256,2,long_reasoning,57.396,,17.424124513618676,0.00778,,raw/B_moe_q4_draft_2b_g8_long_reasoning_r2.txt,ok
B_moe_q4_draft_2b_g8_chinese_r0,2026-03-14T22:24:54.971709,m2ultra,M2 Ultra,moe_q4,draft_2b,8,1,256,0,chinese,57.023,,17.53696498054475,0.01002,,raw/B_moe_q4_draft_2b_g8_chinese_r0.txt,ok
B_moe_q4_draft_2b_g8_chinese_r1,2026-03-14T22:25:02.675207,m2ultra,M2 Ultra,moe_q4,draft_2b,8,1,256,1,chinese,57.622,,17.35408560311284,0.01002,,raw/B_moe_q4_draft_2b_g8_chinese_r1.txt,ok
B_moe_q4_draft_2b_g8_chinese_r2,2026-03-14T22:25:10.386821,m2ultra,M2 Ultra,moe_q4,draft_2b,8,1,256,2,chinese,57.365,,17.43190661478599,0.01002,,raw/B_moe_q4_draft_2b_g8_chinese_r2.txt,ok
B_moe_q4_draft_2b_g16_short_factual_r0,2026-03-14T22:25:17.586525,m2ultra,M2 Ultra,moe_q4,draft_2b,16,6,256,0,short_factual,62.983,,15.875486381322958,0.02541,,raw/B_moe_q4_draft_2b_g16_short_factual_r0.txt,ok
B_moe_q4_draft_2b_g16_short_factual_r1,2026-03-14T22:25:24.857590,m2ultra,M2 Ultra,moe_q4,draft_2b,16,6,256,1,short_factual,62.764,,15.93385214007782,0.02541,,raw/B_moe_q4_draft_2b_g16_short_factual_r1.txt,ok
B_moe_q4_draft_2b_g16_short_factual_r2,2026-03-14T22:25:32.129558,m2ultra,M2 Ultra,moe_q4,draft_2b,16,6,256,2,short_factual,62.666,,15.957198443579767,0.02541,,raw/B_moe_q4_draft_2b_g16_short_factual_r2.txt,ok
B_moe_q4_draft_2b_g16_code_gen_r0,2026-03-14T22:25:39.383521,m2ultra,M2 Ultra,moe_q4,draft_2b,16,18,256,0,code_gen,62.2,,16.07782101167315,0.0053,,raw/B_moe_q4_draft_2b_g16_code_gen_r0.txt,ok
B_moe_q4_draft_2b_g16_code_gen_r1,2026-03-14T22:25:46.643185,m2ultra,M2 Ultra,moe_q4,draft_2b,16,18,256,1,code_gen,61.974,,16.136186770428015,0.0053,,raw/B_moe_q4_draft_2b_g16_code_gen_r1.txt,ok
B_moe_q4_draft_2b_g16_code_gen_r2,2026-03-14T22:25:53.892926,m2ultra,M2 Ultra,moe_q4,draft_2b,16,18,256,2,code_gen,62.435,,16.01556420233463,0.0053,,raw/B_moe_q4_draft_2b_g16_code_gen_r2.txt,ok
B_moe_q4_draft_2b_g16_long_reasoning_r0,2026-03-14T22:26:01.148554,m2ultra,M2 Ultra,moe_q4,draft_2b,16,25,256,0,long_reasoning,62.038,,16.120622568093385,0.00362,,raw/B_moe_q4_draft_2b_g16_long_reasoning_r0.txt,ok
B_moe_q4_draft_2b_g16_long_reasoning_r1,2026-03-14T22:26:08.873725,m2ultra,M2 Ultra,moe_q4,draft_2b,16,25,256,1,long_reasoning,62.131,,16.09338521400778,0.00362,,raw/B_moe_q4_draft_2b_g16_long_reasoning_r1.txt,ok
B_moe_q4_draft_2b_g16_long_reasoning_r2,2026-03-14T22:26:16.580548,m2ultra,M2 Ultra,moe_q4,draft_2b,16,25,256,2,long_reasoning,61.574,,16.24124513618677,0.00362,,raw/B_moe_q4_draft_2b_g16_long_reasoning_r2.txt,ok
B_moe_q4_draft_2b_g16_chinese_r0,2026-03-14T22:26:24.287517,m2ultra,M2 Ultra,moe_q4,draft_2b,16,1,256,0,chinese,59.984,,16.669260700389106,0.0017599999999999,,raw/B_moe_q4_draft_2b_g16_chinese_r0.txt,ok
B_moe_q4_draft_2b_g16_chinese_r1,2026-03-14T22:26:32.014771,m2ultra,M2 Ultra,moe_q4,draft_2b,16,1,256,1,chinese,60.074,,16.64591439688716,0.0017599999999999,,raw/B_moe_q4_draft_2b_g16_chinese_r1.txt,ok
B_moe_q4_draft_2b_g16_chinese_r2,2026-03-14T22:26:39.754459,m2ultra,M2 Ultra,moe_q4,draft_2b,16,1,256,2,chinese,60.108,,16.638132295719846,0.0017599999999999,,raw/B_moe_q4_draft_2b_g16_chinese_r2.txt,ok
B_moe_q8_draft_0.8b_g4_short_factual_r0,2026-03-14T22:26:48.489750,m2ultra,M2 Ultra,moe_q8,draft_0.8b,4,6,256,0,short_factual,58.998,,16.95,0.05116,,raw/B_moe_q8_draft_0.8b_g4_short_factual_r0.txt,ok
B_moe_q8_draft_0.8b_g4_short_factual_r1,2026-03-14T22:26:57.210754,m2ultra,M2 Ultra,moe_q8,draft_0.8b,4,6,256,1,short_factual,58.96,,16.96153846153846,0.05116,,raw/B_moe_q8_draft_0.8b_g4_short_factual_r1.txt,ok
B_moe_q8_draft_0.8b_g4_short_factual_r2,2026-03-14T22:27:05.956538,m2ultra,M2 Ultra,moe_q8,draft_0.8b,4,6,256,2,short_factual,58.895,,16.98076923076923,0.05116,,raw/B_moe_q8_draft_0.8b_g4_short_factual_r2.txt,ok
B_moe_q8_draft_0.8b_g4_code_gen_r0,2026-03-14T22:27:14.711045,m2ultra,M2 Ultra,moe_q8,draft_0.8b,4,18,256,0,code_gen,57.006,,17.540856031128406,0.0235,,raw/B_moe_q8_draft_0.8b_g4_code_gen_r0.txt,ok
B_moe_q8_draft_0.8b_g4_code_gen_r1,2026-03-14T22:27:23.443211,m2ultra,M2 Ultra,moe_q8,draft_0.8b,4,18,256,1,code_gen,56.86,,17.587548638132297,0.0235,,raw/B_moe_q8_draft_0.8b_g4_code_gen_r1.txt,ok
B_moe_q8_draft_0.8b_g4_code_gen_r2,2026-03-14T22:27:32.190920,m2ultra,M2 Ultra,moe_q8,draft_0.8b,4,18,256,2,code_gen,57.116,,17.509727626459146,0.0235,,raw/B_moe_q8_draft_0.8b_g4_code_gen_r2.txt,ok
B_moe_q8_draft_0.8b_g4_long_reasoning_r0,2026-03-14T22:27:40.937663,m2ultra,M2 Ultra,moe_q8,draft_0.8b,4,25,256,0,long_reasoning,57.696,,17.332046332046332,0.01875,,raw/B_moe_q8_draft_0.8b_g4_long_reasoning_r0.txt,ok
B_moe_q8_draft_0.8b_g4_long_reasoning_r1,2026-03-14T22:27:49.676042,m2ultra,M2 Ultra,moe_q8,draft_0.8b,4,25,256,1,long_reasoning,57.366,,17.43243243243243,0.01875,,raw/B_moe_q8_draft_0.8b_g4_long_reasoning_r1.txt,ok
B_moe_q8_draft_0.8b_g4_long_reasoning_r2,2026-03-14T22:27:58.420716,m2ultra,M2 Ultra,moe_q8,draft_0.8b,4,25,256,2,long_reasoning,57.662,,17.343629343629345,0.01875,,raw/B_moe_q8_draft_0.8b_g4_long_reasoning_r2.txt,ok
B_moe_q8_draft_0.8b_g4_chinese_r0,2026-03-14T22:28:07.140181,m2ultra,M2 Ultra,moe_q8,draft_0.8b,4,1,256,0,chinese,56.47,,17.708171206225682,0.0144599999999999,,raw/B_moe_q8_draft_0.8b_g4_chinese_r0.txt,ok
B_moe_q8_draft_0.8b_g4_chinese_r1,2026-03-14T22:28:15.874350,m2ultra,M2 Ultra,moe_q8,draft_0.8b,4,1,256,1,chinese,56.264,,17.77431906614786,0.0144599999999999,,raw/B_moe_q8_draft_0.8b_g4_chinese_r1.txt,ok
B_moe_q8_draft_0.8b_g4_chinese_r2,2026-03-14T22:28:24.600429,m2ultra,M2 Ultra,moe_q8,draft_0.8b,4,1,256,2,chinese,56.349,,17.747081712062258,0.0144599999999999,,raw/B_moe_q8_draft_0.8b_g4_chinese_r2.txt,ok
B_moe_q8_draft_0.8b_g8_short_factual_r0,2026-03-14T22:28:32.812061,m2ultra,M2 Ultra,moe_q8,draft_0.8b,8,6,256,0,short_factual,61.313,,16.311284046692606,0.01914,,raw/B_moe_q8_draft_0.8b_g8_short_factual_r0.txt,ok
B_moe_q8_draft_0.8b_g8_short_factual_r1,2026-03-14T22:28:41.035580,m2ultra,M2 Ultra,moe_q8,draft_0.8b,8,6,256,1,short_factual,61.444,,16.276264591439688,0.01914,,raw/B_moe_q8_draft_0.8b_g8_short_factual_r1.txt,ok
B_moe_q8_draft_0.8b_g8_short_factual_r2,2026-03-14T22:28:49.278440,m2ultra,M2 Ultra,moe_q8,draft_0.8b,8,6,256,2,short_factual,60.995,,16.392996108949415,0.01914,,raw/B_moe_q8_draft_0.8b_g8_short_factual_r2.txt,ok
B_moe_q8_draft_0.8b_g8_code_gen_r0,2026-03-14T22:28:57.493743,m2ultra,M2 Ultra,moe_q8,draft_0.8b,8,18,256,0,code_gen,60.654,,16.486381322957197,0.0072299999999999,,raw/B_moe_q8_draft_0.8b_g8_code_gen_r0.txt,ok
B_moe_q8_draft_0.8b_g8_code_gen_r1,2026-03-14T22:29:05.719218,m2ultra,M2 Ultra,moe_q8,draft_0.8b,8,18,256,1,code_gen,60.001,,16.66536964980545,0.0072299999999999,,raw/B_moe_q8_draft_0.8b_g8_code_gen_r1.txt,ok
B_moe_q8_draft_0.8b_g8_code_gen_r2,2026-03-14T22:29:13.937010,m2ultra,M2 Ultra,moe_q8,draft_0.8b,8,18,256,2,code_gen,60.842,,16.43579766536965,0.0072299999999999,,raw/B_moe_q8_draft_0.8b_g8_code_gen_r2.txt,ok
B_moe_q8_draft_0.8b_g8_long_reasoning_r0,2026-03-14T22:29:22.221894,m2ultra,M2 Ultra,moe_q8,draft_0.8b,8,25,256,0,long_reasoning,60.872,,16.426356589147286,0.00454,,raw/B_moe_q8_draft_0.8b_g8_long_reasoning_r0.txt,ok
B_moe_q8_draft_0.8b_g8_long_reasoning_r1,2026-03-14T22:29:30.506638,m2ultra,M2 Ultra,moe_q8,draft_0.8b,8,25,256,1,long_reasoning,60.912,,16.41860465116279,0.00454,,raw/B_moe_q8_draft_0.8b_g8_long_reasoning_r1.txt,ok
B_moe_q8_draft_0.8b_g8_long_reasoning_r2,2026-03-14T22:29:38.813675,m2ultra,M2 Ultra,moe_q8,draft_0.8b,8,25,256,2,long_reasoning,60.917,,16.414728682170544,0.00454,,raw/B_moe_q8_draft_0.8b_g8_long_reasoning_r2.txt,ok
B_moe_q8_draft_0.8b_g8_chinese_r0,2026-03-14T22:29:47.080826,m2ultra,M2 Ultra,moe_q8,draft_0.8b,8,1,256,0,chinese,60.866,,16.428015564202333,0.0083299999999999,,raw/B_moe_q8_draft_0.8b_g8_chinese_r0.txt,ok
B_moe_q8_draft_0.8b_g8_chinese_r1,2026-03-14T22:29:55.374585,m2ultra,M2 Ultra,moe_q8,draft_0.8b,8,1,256,1,chinese,60.833,,16.439688715953306,0.0083299999999999,,raw/B_moe_q8_draft_0.8b_g8_chinese_r1.txt,ok
B_moe_q8_draft_0.8b_g8_chinese_r2,2026-03-14T22:30:03.628649,m2ultra,M2 Ultra,moe_q8,draft_0.8b,8,1,256,2,chinese,60.79,,16.45136186770428,0.0083299999999999,,raw/B_moe_q8_draft_0.8b_g8_chinese_r2.txt,ok
B_moe_q8_draft_0.8b_g16_short_factual_r0,2026-03-14T22:30:11.436390,m2ultra,M2 Ultra,moe_q8,draft_0.8b,16,6,256,0,short_factual,65.618,,15.24124513618677,0.00501,,raw/B_moe_q8_draft_0.8b_g16_short_factual_r0.txt,ok
B_moe_q8_draft_0.8b_g16_short_factual_r1,2026-03-14T22:30:19.657099,m2ultra,M2 Ultra,moe_q8,draft_0.8b,16,6,256,1,short_factual,65.447,,15.280155642023347,0.00501,,raw/B_moe_q8_draft_0.8b_g16_short_factual_r1.txt,ok
B_moe_q8_draft_0.8b_g16_short_factual_r2,2026-03-14T22:30:27.890926,m2ultra,M2 Ultra,moe_q8,draft_0.8b,16,6,256,2,short_factual,65.486,,15.272373540856032,0.00501,,raw/B_moe_q8_draft_0.8b_g16_short_factual_r2.txt,ok
B_moe_q8_draft_0.8b_g16_code_gen_r0,2026-03-14T22:30:36.098248,m2ultra,M2 Ultra,moe_q8,draft_0.8b,16,18,256,0,code_gen,65.034,,15.377431906614786,0.00254,,raw/B_moe_q8_draft_0.8b_g16_code_gen_r0.txt,ok
B_moe_q8_draft_0.8b_g16_code_gen_r1,2026-03-14T22:30:44.315189,m2ultra,M2 Ultra,moe_q8,draft_0.8b,16,18,256,1,code_gen,65.25,,15.326848249027238,0.00254,,raw/B_moe_q8_draft_0.8b_g16_code_gen_r1.txt,ok
B_moe_q8_draft_0.8b_g16_code_gen_r2,2026-03-14T22:30:52.528444,m2ultra,M2 Ultra,moe_q8,draft_0.8b,16,18,256,2,code_gen,65.081,,15.365758754863814,0.00254,,raw/B_moe_q8_draft_0.8b_g16_code_gen_r2.txt,ok
B_moe_q8_draft_0.8b_g16_long_reasoning_r0,2026-03-14T22:31:00.763894,m2ultra,M2 Ultra,moe_q8,draft_0.8b,16,25,256,0,long_reasoning,64.794,,15.431906614785992,0.00125,,raw/B_moe_q8_draft_0.8b_g16_long_reasoning_r0.txt,ok
B_moe_q8_draft_0.8b_g16_long_reasoning_r1,2026-03-14T22:31:08.996161,m2ultra,M2 Ultra,moe_q8,draft_0.8b,16,25,256,1,long_reasoning,64.125,,15.59533073929961,0.00125,,raw/B_moe_q8_draft_0.8b_g16_long_reasoning_r1.txt,ok
B_moe_q8_draft_0.8b_g16_long_reasoning_r2,2026-03-14T22:31:17.223684,m2ultra,M2 Ultra,moe_q8,draft_0.8b,16,25,256,2,long_reasoning,64.418,,15.525291828793774,0.00125,,raw/B_moe_q8_draft_0.8b_g16_long_reasoning_r2.txt,ok
B_moe_q8_draft_0.8b_g16_chinese_r0,2026-03-14T22:31:25.424460,m2ultra,M2 Ultra,moe_q8,draft_0.8b,16,1,256,0,chinese,64.059,,15.610894941634239,0.00099,,raw/B_moe_q8_draft_0.8b_g16_chinese_r0.txt,ok
B_moe_q8_draft_0.8b_g16_chinese_r1,2026-03-14T22:31:33.647844,m2ultra,M2 Ultra,moe_q8,draft_0.8b,16,1,256,1,chinese,64.072,,15.607003891050583,0.00099,,raw/B_moe_q8_draft_0.8b_g16_chinese_r1.txt,ok
B_moe_q8_draft_0.8b_g16_chinese_r2,2026-03-14T22:31:41.893084,m2ultra,M2 Ultra,moe_q8,draft_0.8b,16,1,256,2,chinese,64.169,,15.583657587548638,0.00099,,raw/B_moe_q8_draft_0.8b_g16_chinese_r2.txt,ok
B_moe_q8_draft_2b_g4_short_factual_r0,2026-03-14T22:31:51.140547,m2ultra,M2 Ultra,moe_q8,draft_2b,4,6,256,0,short_factual,51.269,,19.505836575875488,0.10955,,raw/B_moe_q8_draft_2b_g4_short_factual_r0.txt,ok
B_moe_q8_draft_2b_g4_short_factual_r1,2026-03-14T22:32:00.382052,m2ultra,M2 Ultra,moe_q8,draft_2b,4,6,256,1,short_factual,51.081,,19.575875486381324,0.10955,,raw/B_moe_q8_draft_2b_g4_short_factual_r1.txt,ok
B_moe_q8_draft_2b_g4_short_factual_r2,2026-03-14T22:32:09.617416,m2ultra,M2 Ultra,moe_q8,draft_2b,4,6,256,2,short_factual,51.102,,19.56809338521401,0.10955,,raw/B_moe_q8_draft_2b_g4_short_factual_r2.txt,ok
B_moe_q8_draft_2b_g4_code_gen_r0,2026-03-14T22:32:18.844279,m2ultra,M2 Ultra,moe_q8,draft_2b,4,18,256,0,code_gen,51.491,,19.420233463035018,0.00911,,raw/B_moe_q8_draft_2b_g4_code_gen_r0.txt,ok
B_moe_q8_draft_2b_g4_code_gen_r1,2026-03-14T22:32:28.093887,m2ultra,M2 Ultra,moe_q8,draft_2b,4,18,256,1,code_gen,51.433,,19.443579766536963,0.00911,,raw/B_moe_q8_draft_2b_g4_code_gen_r1.txt,ok
B_moe_q8_draft_2b_g4_code_gen_r2,2026-03-14T22:32:37.339623,m2ultra,M2 Ultra,moe_q8,draft_2b,4,18,256,2,code_gen,51.377,,19.46303501945525,0.00911,,raw/B_moe_q8_draft_2b_g4_code_gen_r2.txt,ok
B_moe_q8_draft_2b_g4_long_reasoning_r0,2026-03-14T22:32:46.605709,m2ultra,M2 Ultra,moe_q8,draft_2b,4,25,256,0,long_reasoning,51.331,,19.48249027237354,0.006,,raw/B_moe_q8_draft_2b_g4_long_reasoning_r0.txt,ok
B_moe_q8_draft_2b_g4_long_reasoning_r1,2026-03-14T22:32:55.847792,m2ultra,M2 Ultra,moe_q8,draft_2b,4,25,256,1,long_reasoning,51.545,,19.40077821011673,0.006,,raw/B_moe_q8_draft_2b_g4_long_reasoning_r1.txt,ok
B_moe_q8_draft_2b_g4_long_reasoning_r2,2026-03-14T22:33:05.095775,m2ultra,M2 Ultra,moe_q8,draft_2b,4,25,256,2,long_reasoning,51.332,,19.48249027237354,0.006,,raw/B_moe_q8_draft_2b_g4_long_reasoning_r2.txt,ok
B_moe_q8_draft_2b_g4_chinese_r0,2026-03-14T22:33:14.313885,m2ultra,M2 Ultra,moe_q8,draft_2b,4,1,256,0,chinese,51.391,,19.459143968871594,0.02004,,raw/B_moe_q8_draft_2b_g4_chinese_r0.txt,ok
B_moe_q8_draft_2b_g4_chinese_r1,2026-03-14T22:33:23.547334,m2ultra,M2 Ultra,moe_q8,draft_2b,4,1,256,1,chinese,51.379,,19.46303501945525,0.02004,,raw/B_moe_q8_draft_2b_g4_chinese_r1.txt,ok
B_moe_q8_draft_2b_g4_chinese_r2,2026-03-14T22:33:32.776754,m2ultra,M2 Ultra,moe_q8,draft_2b,4,1,256,2,chinese,51.412,,19.45136186770428,0.02004,,raw/B_moe_q8_draft_2b_g4_chinese_r2.txt,ok
B_moe_q8_draft_2b_g8_short_factual_r0,2026-03-14T22:33:41.516245,m2ultra,M2 Ultra,moe_q8,draft_2b,8,6,256,0,short_factual,55.001,,18.182879377431906,0.05891,,raw/B_moe_q8_draft_2b_g8_short_factual_r0.txt,ok
B_moe_q8_draft_2b_g8_short_factual_r1,2026-03-14T22:33:50.244095,m2ultra,M2 Ultra,moe_q8,draft_2b,8,6,256,1,short_factual,54.864,,18.22568093385214,0.05891,,raw/B_moe_q8_draft_2b_g8_short_factual_r1.txt,ok
B_moe_q8_draft_2b_g8_short_factual_r2,2026-03-14T22:33:59.041657,m2ultra,M2 Ultra,moe_q8,draft_2b,8,6,256,2,short_factual,55.009,,18.17898832684825,0.05891,,raw/B_moe_q8_draft_2b_g8_short_factual_r2.txt,ok
B_moe_q8_draft_2b_g8_code_gen_r0,2026-03-14T22:34:08.283483,m2ultra,M2 Ultra,moe_q8,draft_2b,8,18,256,0,code_gen,54.053,,18.50194552529183,0.003,,raw/B_moe_q8_draft_2b_g8_code_gen_r0.txt,ok
B_moe_q8_draft_2b_g8_code_gen_r1,2026-03-14T22:34:17.140417,m2ultra,M2 Ultra,moe_q8,draft_2b,8,18,256,1,code_gen,54.213,,18.44747081712062,0.003,,raw/B_moe_q8_draft_2b_g8_code_gen_r1.txt,ok
B_moe_q8_draft_2b_g8_code_gen_r2,2026-03-14T22:34:26.397432,m2ultra,M2 Ultra,moe_q8,draft_2b,8,18,256,2,code_gen,54.034,,18.505836575875488,0.003,,raw/B_moe_q8_draft_2b_g8_code_gen_r2.txt,ok
B_moe_q8_draft_2b_g8_long_reasoning_r0,2026-03-14T22:34:35.217648,m2ultra,M2 Ultra,moe_q8,draft_2b,8,25,256,0,long_reasoning,54.036,,18.505836575875488,0.00778,,raw/B_moe_q8_draft_2b_g8_long_reasoning_r0.txt,ok
B_moe_q8_draft_2b_g8_long_reasoning_r1,2026-03-14T22:34:44.468282,m2ultra,M2 Ultra,moe_q8,draft_2b,8,25,256,1,long_reasoning,54.143,,18.470817120622566,0.00778,,raw/B_moe_q8_draft_2b_g8_long_reasoning_r1.txt,ok
B_moe_q8_draft_2b_g8_long_reasoning_r2,2026-03-14T22:34:53.297426,m2ultra,M2 Ultra,moe_q8,draft_2b,8,25,256,2,long_reasoning,54.087,,18.490272373540854,0.00778,,raw/B_moe_q8_draft_2b_g8_long_reasoning_r2.txt,ok
B_moe_q8_draft_2b_g8_chinese_r0,2026-03-14T22:35:02.523603,m2ultra,M2 Ultra,moe_q8,draft_2b,8,1,256,0,chinese,54.202,,18.44747081712062,0.00945,,raw/B_moe_q8_draft_2b_g8_chinese_r0.txt,ok
B_moe_q8_draft_2b_g8_chinese_r1,2026-03-14T22:35:11.333841,m2ultra,M2 Ultra,moe_q8,draft_2b,8,1,256,1,chinese,54.095,,18.486381322957197,0.00945,,raw/B_moe_q8_draft_2b_g8_chinese_r1.txt,ok
B_moe_q8_draft_2b_g8_chinese_r2,2026-03-14T22:35:20.549524,m2ultra,M2 Ultra,moe_q8,draft_2b,8,1,256,2,chinese,54.158,,18.46303501945525,0.00945,,raw/B_moe_q8_draft_2b_g8_chinese_r2.txt,ok
B_moe_q8_draft_2b_g16_short_factual_r0,2026-03-14T22:35:29.302282,m2ultra,M2 Ultra,moe_q8,draft_2b,16,6,256,0,short_factual,58.523,,17.085603112840467,0.02541,,raw/B_moe_q8_draft_2b_g16_short_factual_r0.txt,ok
B_moe_q8_draft_2b_g16_short_factual_r1,2026-03-14T22:35:38.026124,m2ultra,M2 Ultra,moe_q8,draft_2b,16,6,256,1,short_factual,58.73,,17.027237354085603,0.02541,,raw/B_moe_q8_draft_2b_g16_short_factual_r1.txt,ok
B_moe_q8_draft_2b_g16_short_factual_r2,2026-03-14T22:35:46.752621,m2ultra,M2 Ultra,moe_q8,draft_2b,16,6,256,2,short_factual,58.685,,17.038910505836576,0.02541,,raw/B_moe_q8_draft_2b_g16_short_factual_r2.txt,ok
B_moe_q8_draft_2b_g16_code_gen_r0,2026-03-14T22:35:55.499244,m2ultra,M2 Ultra,moe_q8,draft_2b,16,18,256,0,code_gen,58.461,,17.105058365758754,0.00501,,raw/B_moe_q8_draft_2b_g16_code_gen_r0.txt,ok
B_moe_q8_draft_2b_g16_code_gen_r1,2026-03-14T22:36:04.263439,m2ultra,M2 Ultra,moe_q8,draft_2b,16,18,256,1,code_gen,58.42,,17.116731517509727,0.00501,,raw/B_moe_q8_draft_2b_g16_code_gen_r1.txt,ok
B_moe_q8_draft_2b_g16_code_gen_r2,2026-03-14T22:36:12.982253,m2ultra,M2 Ultra,moe_q8,draft_2b,16,18,256,2,code_gen,58.504,,17.09338521400778,0.00501,,raw/B_moe_q8_draft_2b_g16_code_gen_r2.txt,ok
B_moe_q8_draft_2b_g16_long_reasoning_r0,2026-03-14T22:36:21.700027,m2ultra,M2 Ultra,moe_q8,draft_2b,16,25,256,0,long_reasoning,57.965,,17.252918287937742,0.00307,,raw/B_moe_q8_draft_2b_g16_long_reasoning_r0.txt,ok
B_moe_q8_draft_2b_g16_long_reasoning_r1,2026-03-14T22:36:30.445083,m2ultra,M2 Ultra,moe_q8,draft_2b,16,25,256,1,long_reasoning,58.153,,17.19455252918288,0.00307,,raw/B_moe_q8_draft_2b_g16_long_reasoning_r1.txt,ok
B_moe_q8_draft_2b_g16_long_reasoning_r2,2026-03-14T22:36:39.198787,m2ultra,M2 Ultra,moe_q8,draft_2b,16,25,256,2,long_reasoning,58.179,,17.186770428015564,0.00307,,raw/B_moe_q8_draft_2b_g16_long_reasoning_r2.txt,ok
B_moe_q8_draft_2b_g16_chinese_r0,2026-03-14T22:36:47.939159,m2ultra,M2 Ultra,moe_q8,draft_2b,16,1,256,0,chinese,56.514,,17.69649805447471,0.00202,,raw/B_moe_q8_draft_2b_g16_chinese_r0.txt,ok
B_moe_q8_draft_2b_g16_chinese_r1,2026-03-14T22:36:56.657518,m2ultra,M2 Ultra,moe_q8,draft_2b,16,1,256,1,chinese,56.627,,17.657587548638134,0.00202,,raw/B_moe_q8_draft_2b_g16_chinese_r1.txt,ok
B_moe_q8_draft_2b_g16_chinese_r2,2026-03-14T22:37:05.377797,m2ultra,M2 Ultra,moe_q8,draft_2b,16,1,256,2,chinese,56.799,,17.607003891050585,0.00202,,raw/B_moe_q8_draft_2b_g16_chinese_r2.txt,ok
C_dense_0.8b_np64_r0,2026-03-14T22:37:08.504551,m2ultra,M2 Ultra,dense_0.8b,none,0,64,256,0,bench,138.241793,24.296042,7.23370247265625,,1.0,raw/C_dense_0.8b_np64_r0.txt,ok
C_dense_0.8b_np64_r1,2026-03-14T22:37:11.637451,m2ultra,M2 Ultra,dense_0.8b,none,0,64,256,1,bench,137.500493,24.425625,7.272701171875,,1.0,raw/C_dense_0.8b_np64_r1.txt,ok
C_dense_0.8b_np64_r2,2026-03-14T22:37:14.764704,m2ultra,M2 Ultra,dense_0.8b,none,0,64,256,2,bench,137.998987,24.022125,7.24643001171875,,1.0,raw/C_dense_0.8b_np64_r2.txt,ok
C_dense_0.8b_np256_r0,2026-03-14T22:37:17.886672,m2ultra,M2 Ultra,dense_0.8b,none,0,256,256,0,bench,138.241165,44.503291,7.2337353515625,,1.0,raw/C_dense_0.8b_np256_r0.txt,ok
C_dense_0.8b_np256_r1,2026-03-14T22:37:21.008083,m2ultra,M2 Ultra,dense_0.8b,none,0,256,256,1,bench,138.220076,44.695375,7.23483903125,,1.0,raw/C_dense_0.8b_np256_r1.txt,ok
C_dense_0.8b_np256_r2,2026-03-14T22:37:24.114792,m2ultra,M2 Ultra,dense_0.8b,none,0,256,256,2,bench,138.18005,44.816833,7.23693473046875,,1.0,raw/C_dense_0.8b_np256_r2.txt,ok
C_dense_0.8b_np512_r0,2026-03-14T22:37:27.254366,m2ultra,M2 Ultra,dense_0.8b,none,0,512,256,0,bench,138.233426,74.853333,7.23414030078125,,1.0,raw/C_dense_0.8b_np512_r0.txt,ok
C_dense_0.8b_np512_r1,2026-03-14T22:37:30.389203,m2ultra,M2 Ultra,dense_0.8b,none,0,512,256,1,bench,138.19241,74.999042,7.23628743359375,,1.0,raw/C_dense_0.8b_np512_r1.txt,ok
C_dense_0.8b_np512_r2,2026-03-14T22:37:33.521084,m2ultra,M2 Ultra,dense_0.8b,none,0,512,256,2,bench,137.550033,74.890125,7.27008187109375,,1.0,raw/C_dense_0.8b_np512_r2.txt,ok
C_dense_2b_np64_r0,2026-03-14T22:37:37.166693,m2ultra,M2 Ultra,dense_2b,none,0,64,256,0,bench,110.354333,31.393792,9.06171940234375,,1.0,raw/C_dense_2b_np64_r0.txt,ok
C_dense_2b_np64_r1,2026-03-14T22:37:40.803330,m2ultra,M2 Ultra,dense_2b,none,0,64,256,1,bench,110.726434,31.40875,9.03126708984375,,1.0,raw/C_dense_2b_np64_r1.txt,ok
C_dense_2b_np64_r2,2026-03-14T22:37:44.446921,m2ultra,M2 Ultra,dense_2b,none,0,64,256,2,bench,110.072724,30.786375,9.08490283203125,,1.0,raw/C_dense_2b_np64_r2.txt,ok
C_dense_2b_np256_r0,2026-03-14T22:37:48.065163,m2ultra,M2 Ultra,dense_2b,none,0,256,256,0,bench,110.737109,66.200875,9.030396484375,,1.0,raw/C_dense_2b_np256_r0.txt,ok
C_dense_2b_np256_r1,2026-03-14T22:37:51.690345,m2ultra,M2 Ultra,dense_2b,none,0,256,256,1,bench,110.680401,65.801542,9.03502327734375,,1.0,raw/C_dense_2b_np256_r1.txt,ok
C_dense_2b_np256_r2,2026-03-14T22:37:55.324807,m2ultra,M2 Ultra,dense_2b,none,0,256,256,2,bench,109.82432,66.286083,9.10545133203125,,1.0,raw/C_dense_2b_np256_r2.txt,ok
C_dense_2b_np512_r0,2026-03-14T22:37:59.460839,m2ultra,M2 Ultra,dense_2b,none,0,512,256,0,bench,110.494636,115.219792,9.0502130546875,,1.0,raw/C_dense_2b_np512_r0.txt,ok
C_dense_2b_np512_r1,2026-03-14T22:38:03.608463,m2ultra,M2 Ultra,dense_2b,none,0,512,256,1,bench,110.534756,115.216791,9.04692822265625,,1.0,raw/C_dense_2b_np512_r1.txt,ok
C_dense_2b_np512_r2,2026-03-14T22:38:07.765170,m2ultra,M2 Ultra,dense_2b,none,0,512,256,2,bench,110.14146,115.386584,9.079233234375,,1.0,raw/C_dense_2b_np512_r2.txt,ok
C_dense_4b_np64_r0,2026-03-14T22:38:13.444529,m2ultra,M2 Ultra,dense_4b,none,0,64,256,0,bench,67.17294,63.895833,14.8869469375,,1.0,raw/C_dense_4b_np64_r0.txt,ok
C_dense_4b_np64_r1,2026-03-14T22:38:19.108387,m2ultra,M2 Ultra,dense_4b,none,0,64,256,1,bench,67.317829,64.051625,14.85490576171875,,1.0,raw/C_dense_4b_np64_r1.txt,ok
C_dense_4b_np64_r2,2026-03-14T22:38:24.786967,m2ultra,M2 Ultra,dense_4b,none,0,64,256,2,bench,67.203283,63.811792,14.88022542578125,,1.0,raw/C_dense_4b_np64_r2.txt,ok
C_dense_4b_np256_r0,2026-03-14T22:38:30.474539,m2ultra,M2 Ultra,dense_4b,none,0,256,256,0,bench,67.306879,153.429875,14.8573224296875,,1.0,raw/C_dense_4b_np256_r0.txt,ok
C_dense_4b_np256_r1,2026-03-14T22:38:36.146948,m2ultra,M2 Ultra,dense_4b,none,0,256,256,1,bench,67.003264,154.132708,14.92464615625,,1.0,raw/C_dense_4b_np256_r1.txt,ok
C_dense_4b_np256_r2,2026-03-14T22:38:41.829189,m2ultra,M2 Ultra,dense_4b,none,0,256,256,2,bench,67.347711,153.241458,14.84831461328125,,1.0,raw/C_dense_4b_np256_r2.txt,ok
C_dense_4b_np512_r0,2026-03-14T22:38:48.011850,m2ultra,M2 Ultra,dense_4b,none,0,512,256,0,bench,67.270366,280.748708,14.8653865546875,,1.0,raw/C_dense_4b_np512_r0.txt,ok
C_dense_4b_np512_r1,2026-03-14T22:38:54.180646,m2ultra,M2 Ultra,dense_4b,none,0,512,256,1,bench,67.214266,279.835792,14.8777939453125,,1.0,raw/C_dense_4b_np512_r1.txt,ok
C_dense_4b_np512_r2,2026-03-14T22:39:00.362720,m2ultra,M2 Ultra,dense_4b,none,0,512,256,2,bench,67.341387,280.027958,14.849708984375,,1.0,raw/C_dense_4b_np512_r2.txt,ok
C_dense_9b_np64_r0,2026-03-14T22:39:13.139537,m2ultra,M2 Ultra,dense_9b,none,0,64,256,0,bench,33.460308,101.414167,29.88615657421875,,1.0,raw/C_dense_9b_np64_r0.txt,ok
C_dense_9b_np64_r1,2026-03-14T22:39:25.449240,m2ultra,M2 Ultra,dense_9b,none,0,64,256,1,bench,33.44879,101.461875,29.896448078125,,1.0,raw/C_dense_9b_np64_r1.txt,ok
C_dense_9b_np64_r2,2026-03-14T22:39:37.778449,m2ultra,M2 Ultra,dense_9b,none,0,64,256,2,bench,33.390255,101.254417,29.94885791015625,,1.0,raw/C_dense_9b_np64_r2.txt,ok
C_dense_9b_np256_r0,2026-03-14T22:39:50.542764,m2ultra,M2 Ultra,dense_9b,none,0,256,256,0,bench,33.4643,273.770042,29.8825916328125,,1.0,raw/C_dense_9b_np256_r0.txt,ok
C_dense_9b_np256_r1,2026-03-14T22:40:03.311839,m2ultra,M2 Ultra,dense_9b,none,0,256,256,1,bench,33.419839,274.365084,29.9223466796875,,1.0,raw/C_dense_9b_np256_r1.txt,ok
C_dense_9b_np256_r2,2026-03-14T22:40:16.107326,m2ultra,M2 Ultra,dense_9b,none,0,256,256,2,bench,33.496261,274.143792,29.8540782890625,,1.0,raw/C_dense_9b_np256_r2.txt,ok
C_dense_9b_np512_r0,2026-03-14T22:40:29.426755,m2ultra,M2 Ultra,dense_9b,none,0,512,256,0,bench,33.419717,505.062125,29.92245540234375,,1.0,raw/C_dense_9b_np512_r0.txt,ok
C_dense_9b_np512_r1,2026-03-14T22:40:42.725917,m2ultra,M2 Ultra,dense_9b,none,0,512,256,1,bench,33.400013,505.423916,29.940108234375,,1.0,raw/C_dense_9b_np512_r1.txt,ok
C_dense_9b_np512_r2,2026-03-14T22:40:56.008586,m2ultra,M2 Ultra,dense_9b,none,0,512,256,2,bench,33.486109,503.995667,29.86312890625,,1.0,raw/C_dense_9b_np512_r2.txt,ok
D_dense_4b_draft_0.8b_g4_short_factual_r0,2026-03-14T22:41:02.184205,m2ultra,M2 Ultra,dense_4b,draft_0.8b,4,6,256,0,short_factual,72.054,,13.879377431906615,0.03959,,raw/D_dense_4b_draft_0.8b_g4_short_factual_r0.txt,ok
D_dense_4b_draft_0.8b_g4_short_factual_r1,2026-03-14T22:41:08.368485,m2ultra,M2 Ultra,dense_4b,draft_0.8b,4,6,256,1,short_factual,72.008,,13.88715953307393,0.03959,,raw/D_dense_4b_draft_0.8b_g4_short_factual_r1.txt,ok
D_dense_4b_draft_0.8b_g4_short_factual_r2,2026-03-14T22:41:14.560203,m2ultra,M2 Ultra,dense_4b,draft_0.8b,4,6,256,2,short_factual,71.818,,13.926070038910506,0.03959,,raw/D_dense_4b_draft_0.8b_g4_short_factual_r2.txt,ok
D_dense_4b_draft_0.8b_g4_code_gen_r0,2026-03-14T22:41:20.729772,m2ultra,M2 Ultra,dense_4b,draft_0.8b,4,18,256,0,code_gen,70.829,,14.116731517509727,0.0235,,raw/D_dense_4b_draft_0.8b_g4_code_gen_r0.txt,ok
D_dense_4b_draft_0.8b_g4_code_gen_r1,2026-03-14T22:41:26.953191,m2ultra,M2 Ultra,dense_4b,draft_0.8b,4,18,256,1,code_gen,70.934,,14.09727626459144,0.0235,,raw/D_dense_4b_draft_0.8b_g4_code_gen_r1.txt,ok
D_dense_4b_draft_0.8b_g4_code_gen_r2,2026-03-14T22:41:33.183814,m2ultra,M2 Ultra,dense_4b,draft_0.8b,4,18,256,2,code_gen,71.055,,14.073929961089494,0.0235,,raw/D_dense_4b_draft_0.8b_g4_code_gen_r2.txt,ok
D_dense_4b_draft_0.8b_g4_long_reasoning_r0,2026-03-14T22:41:39.408600,m2ultra,M2 Ultra,dense_4b,draft_0.8b,4,25,256,0,long_reasoning,70.251,,14.233463035019454,0.02706,,raw/D_dense_4b_draft_0.8b_g4_long_reasoning_r0.txt,ok
D_dense_4b_draft_0.8b_g4_long_reasoning_r1,2026-03-14T22:41:45.590189,m2ultra,M2 Ultra,dense_4b,draft_0.8b,4,25,256,1,long_reasoning,70.329,,14.217898832684824,0.02706,,raw/D_dense_4b_draft_0.8b_g4_long_reasoning_r1.txt,ok
D_dense_4b_draft_0.8b_g4_long_reasoning_r2,2026-03-14T22:41:51.825774,m2ultra,M2 Ultra,dense_4b,draft_0.8b,4,25,256,2,long_reasoning,70.439,,14.198443579766536,0.02706,,raw/D_dense_4b_draft_0.8b_g4_long_reasoning_r2.txt,ok
D_dense_4b_draft_0.8b_g4_chinese_r0,2026-03-14T22:41:58.063753,m2ultra,M2 Ultra,dense_4b,draft_0.8b,4,1,256,0,chinese,70.538,,14.17509727626459,0.0306999999999999,,raw/D_dense_4b_draft_0.8b_g4_chinese_r0.txt,ok
D_dense_4b_draft_0.8b_g4_chinese_r1,2026-03-14T22:42:04.290177,m2ultra,M2 Ultra,dense_4b,draft_0.8b,4,1,256,1,chinese,70.424,,14.198443579766536,0.0306999999999999,,raw/D_dense_4b_draft_0.8b_g4_chinese_r1.txt,ok
D_dense_4b_draft_0.8b_g4_chinese_r2,2026-03-14T22:42:10.472016,m2ultra,M2 Ultra,dense_4b,draft_0.8b,4,1,256,2,chinese,70.537,,14.17509727626459,0.0306999999999999,,raw/D_dense_4b_draft_0.8b_g4_chinese_r2.txt,ok
D_dense_4b_draft_0.8b_g8_short_factual_r0,2026-03-14T22:42:17.153814,m2ultra,M2 Ultra,dense_4b,draft_0.8b,8,6,256,0,short_factual,67.271,,14.863813229571985,0.02738,,raw/D_dense_4b_draft_0.8b_g8_short_factual_r0.txt,ok
D_dense_4b_draft_0.8b_g8_short_factual_r1,2026-03-14T22:42:23.853398,m2ultra,M2 Ultra,dense_4b,draft_0.8b,8,6,256,1,short_factual,67.098,,14.90272373540856,0.02738,,raw/D_dense_4b_draft_0.8b_g8_short_factual_r1.txt,ok
D_dense_4b_draft_0.8b_g8_short_factual_r2,2026-03-14T22:42:30.556840,m2ultra,M2 Ultra,dense_4b,draft_0.8b,8,6,256,2,short_factual,67.331,,14.852140077821012,0.02738,,raw/D_dense_4b_draft_0.8b_g8_short_factual_r2.txt,ok
D_dense_4b_draft_0.8b_g8_code_gen_r0,2026-03-14T22:42:37.261097,m2ultra,M2 Ultra,dense_4b,draft_0.8b,8,18,256,0,code_gen,65.539,,15.256809338521402,0.0072299999999999,,raw/D_dense_4b_draft_0.8b_g8_code_gen_r0.txt,ok
D_dense_4b_draft_0.8b_g8_code_gen_r1,2026-03-14T22:42:43.958308,m2ultra,M2 Ultra,dense_4b,draft_0.8b,8,18,256,1,code_gen,65.526,,15.26070038910506,0.0072299999999999,,raw/D_dense_4b_draft_0.8b_g8_code_gen_r1.txt,ok
D_dense_4b_draft_0.8b_g8_code_gen_r2,2026-03-14T22:42:50.648781,m2ultra,M2 Ultra,dense_4b,draft_0.8b,8,18,256,2,code_gen,65.635,,15.237354085603112,0.0072299999999999,,raw/D_dense_4b_draft_0.8b_g8_code_gen_r2.txt,ok
D_dense_4b_draft_0.8b_g8_long_reasoning_r0,2026-03-14T22:42:57.345710,m2ultra,M2 Ultra,dense_4b,draft_0.8b,8,25,256,0,long_reasoning,65.461,,15.27626459143969,0.003,,raw/D_dense_4b_draft_0.8b_g8_long_reasoning_r0.txt,ok
D_dense_4b_draft_0.8b_g8_long_reasoning_r1,2026-03-14T22:43:04.026929,m2ultra,M2 Ultra,dense_4b,draft_0.8b,8,25,256,1,long_reasoning,65.473,,15.272373540856032,0.003,,raw/D_dense_4b_draft_0.8b_g8_long_reasoning_r1.txt,ok
D_dense_4b_draft_0.8b_g8_long_reasoning_r2,2026-03-14T22:43:10.743537,m2ultra,M2 Ultra,dense_4b,draft_0.8b,8,25,256,2,long_reasoning,65.502,,15.268482490272374,0.003,,raw/D_dense_4b_draft_0.8b_g8_long_reasoning_r2.txt,ok
D_dense_4b_draft_0.8b_g8_chinese_r0,2026-03-14T22:43:17.452533,m2ultra,M2 Ultra,dense_4b,draft_0.8b,8,1,256,0,chinese,65.576,,15.249027237354085,0.00508,,raw/D_dense_4b_draft_0.8b_g8_chinese_r0.txt,ok
D_dense_4b_draft_0.8b_g8_chinese_r1,2026-03-14T22:43:24.147617,m2ultra,M2 Ultra,dense_4b,draft_0.8b,8,1,256,1,chinese,65.448,,15.280155642023347,0.00508,,raw/D_dense_4b_draft_0.8b_g8_chinese_r1.txt,ok
D_dense_4b_draft_0.8b_g8_chinese_r2,2026-03-14T22:43:30.853111,m2ultra,M2 Ultra,dense_4b,draft_0.8b,8,1,256,2,chinese,65.497,,15.268482490272374,0.00508,,raw/D_dense_4b_draft_0.8b_g8_chinese_r2.txt,ok
D_dense_4b_draft_0.8b_g16_short_factual_r0,2026-03-14T22:43:37.040106,m2ultra,M2 Ultra,dense_4b,draft_0.8b,16,6,256,0,short_factual,77.535,,12.89922480620155,0.00889,,raw/D_dense_4b_draft_0.8b_g16_short_factual_r0.txt,ok
D_dense_4b_draft_0.8b_g16_short_factual_r1,2026-03-14T22:43:43.230245,m2ultra,M2 Ultra,dense_4b,draft_0.8b,16,6,256,1,short_factual,77.288,,12.937984496124031,0.00889,,raw/D_dense_4b_draft_0.8b_g16_short_factual_r1.txt,ok
D_dense_4b_draft_0.8b_g16_short_factual_r2,2026-03-14T22:43:49.432093,m2ultra,M2 Ultra,dense_4b,draft_0.8b,16,6,256,2,short_factual,77.186,,12.957364341085272,0.00889,,raw/D_dense_4b_draft_0.8b_g16_short_factual_r2.txt,ok
D_dense_4b_draft_0.8b_g16_code_gen_r0,2026-03-14T22:43:55.624956,m2ultra,M2 Ultra,dense_4b,draft_0.8b,16,18,256,0,code_gen,74.685,,13.38910505836576,0.0017599999999999,,raw/D_dense_4b_draft_0.8b_g16_code_gen_r0.txt,ok
D_dense_4b_draft_0.8b_g16_code_gen_r1,2026-03-14T22:44:01.811755,m2ultra,M2 Ultra,dense_4b,draft_0.8b,16,18,256,1,code_gen,74.282,,13.463035019455253,0.0017599999999999,,raw/D_dense_4b_draft_0.8b_g16_code_gen_r1.txt,ok
D_dense_4b_draft_0.8b_g16_code_gen_r2,2026-03-14T22:44:08.003641,m2ultra,M2 Ultra,dense_4b,draft_0.8b,16,18,256,2,code_gen,74.592,,13.40466926070039,0.0017599999999999,,raw/D_dense_4b_draft_0.8b_g16_code_gen_r2.txt,ok
D_dense_4b_draft_0.8b_g16_long_reasoning_r0,2026-03-14T22:44:14.191413,m2ultra,M2 Ultra,dense_4b,draft_0.8b,16,25,256,0,long_reasoning,74.589,,13.408560311284047,0.00254,,raw/D_dense_4b_draft_0.8b_g16_long_reasoning_r0.txt,ok
D_dense_4b_draft_0.8b_g16_long_reasoning_r1,2026-03-14T22:44:20.383701,m2ultra,M2 Ultra,dense_4b,draft_0.8b,16,25,256,1,long_reasoning,74.551,,13.412451361867705,0.00254,,raw/D_dense_4b_draft_0.8b_g16_long_reasoning_r1.txt,ok
D_dense_4b_draft_0.8b_g16_long_reasoning_r2,2026-03-14T22:44:26.588545,m2ultra,M2 Ultra,dense_4b,draft_0.8b,16,25,256,2,long_reasoning,74.409,,13.439688715953308,0.00254,,raw/D_dense_4b_draft_0.8b_g16_long_reasoning_r2.txt,ok
D_dense_4b_draft_0.8b_g16_chinese_r0,2026-03-14T22:44:32.785814,m2ultra,M2 Ultra,dense_4b,draft_0.8b,16,1,256,0,chinese,74.459,,13.431906614785992,0.00202,,raw/D_dense_4b_draft_0.8b_g16_chinese_r0.txt,ok
D_dense_4b_draft_0.8b_g16_chinese_r1,2026-03-14T22:44:38.988537,m2ultra,M2 Ultra,dense_4b,draft_0.8b,16,1,256,1,chinese,74.147,,13.486381322957198,0.00202,,raw/D_dense_4b_draft_0.8b_g16_chinese_r1.txt,ok
D_dense_4b_draft_0.8b_g16_chinese_r2,2026-03-14T22:44:45.177586,m2ultra,M2 Ultra,dense_4b,draft_0.8b,16,1,256,2,chinese,74.075,,13.498054474708171,0.00202,,raw/D_dense_4b_draft_0.8b_g16_chinese_r2.txt,ok
D_dense_9b_draft_0.8b_g4_short_factual_r0,2026-03-14T22:44:55.978995,m2ultra,M2 Ultra,dense_9b,draft_0.8b,4,6,256,0,short_factual,33.32,,30.011673151750973,0.04767,,raw/D_dense_9b_draft_0.8b_g4_short_factual_r0.txt,ok
D_dense_9b_draft_0.8b_g4_short_factual_r1,2026-03-14T22:45:06.761810,m2ultra,M2 Ultra,dense_9b,draft_0.8b,4,6,256,1,short_factual,33.196,,30.124513618677042,0.04767,,raw/D_dense_9b_draft_0.8b_g4_short_factual_r1.txt,ok
D_dense_9b_draft_0.8b_g4_short_factual_r2,2026-03-14T22:45:17.549529,m2ultra,M2 Ultra,dense_9b,draft_0.8b,4,6,256,2,short_factual,33.374,,29.964980544747082,0.04767,,raw/D_dense_9b_draft_0.8b_g4_short_factual_r2.txt,ok
D_dense_9b_draft_0.8b_g4_code_gen_r0,2026-03-14T22:45:28.371743,m2ultra,M2 Ultra,dense_9b,draft_0.8b,4,18,256,0,code_gen,32.831,,30.459143968871594,0.01667,,raw/D_dense_9b_draft_0.8b_g4_code_gen_r0.txt,ok
D_dense_9b_draft_0.8b_g4_code_gen_r1,2026-03-14T22:45:39.150391,m2ultra,M2 Ultra,dense_9b,draft_0.8b,4,18,256,1,code_gen,32.701,,30.579766536964982,0.01667,,raw/D_dense_9b_draft_0.8b_g4_code_gen_r1.txt,ok
D_dense_9b_draft_0.8b_g4_code_gen_r2,2026-03-14T22:45:49.976451,m2ultra,M2 Ultra,dense_9b,draft_0.8b,4,18,256,2,code_gen,32.78,,30.505836575875488,0.01667,,raw/D_dense_9b_draft_0.8b_g4_code_gen_r2.txt,ok
D_dense_9b_draft_0.8b_g4_long_reasoning_r0,2026-03-14T22:46:01.255475,m2ultra,M2 Ultra,dense_9b,draft_0.8b,4,25,256,0,long_reasoning,32.273,,30.98443579766537,0.01016,,raw/D_dense_9b_draft_0.8b_g4_long_reasoning_r0.txt,ok
D_dense_9b_draft_0.8b_g4_long_reasoning_r1,2026-03-14T22:46:12.550937,m2ultra,M2 Ultra,dense_9b,draft_0.8b,4,25,256,1,long_reasoning,32.252,,31.003891050583658,0.01016,,raw/D_dense_9b_draft_0.8b_g4_long_reasoning_r1.txt,ok
D_dense_9b_draft_0.8b_g4_long_reasoning_r2,2026-03-14T22:46:23.837744,m2ultra,M2 Ultra,dense_9b,draft_0.8b,4,25,256,2,long_reasoning,32.3,,30.961089494163424,0.01016,,raw/D_dense_9b_draft_0.8b_g4_long_reasoning_r2.txt,ok
D_dense_9b_draft_0.8b_g4_chinese_r0,2026-03-14T22:46:34.686713,m2ultra,M2 Ultra,dense_9b,draft_0.8b,4,1,256,0,chinese,32.82,,30.470817120622566,0.01556,,raw/D_dense_9b_draft_0.8b_g4_chinese_r0.txt,ok
D_dense_9b_draft_0.8b_g4_chinese_r1,2026-03-14T22:46:45.483650,m2ultra,M2 Ultra,dense_9b,draft_0.8b,4,1,256,1,chinese,32.746,,30.53696498054475,0.01556,,raw/D_dense_9b_draft_0.8b_g4_chinese_r1.txt,ok
D_dense_9b_draft_0.8b_g4_chinese_r2,2026-03-14T22:46:56.280848,m2ultra,M2 Ultra,dense_9b,draft_0.8b,4,1,256,2,chinese,32.78,,30.505836575875488,0.01556,,raw/D_dense_9b_draft_0.8b_g4_chinese_r2.txt,ok
D_dense_9b_draft_0.8b_g8_short_factual_r0,2026-03-14T22:47:04.083251,m2ultra,M2 Ultra,dense_9b,draft_0.8b,8,6,256,0,short_factual,54.683,,18.28793774319066,0.0153499999999999,,raw/D_dense_9b_draft_0.8b_g8_short_factual_r0.txt,ok
D_dense_9b_draft_0.8b_g8_short_factual_r1,2026-03-14T22:47:11.874714,m2ultra,M2 Ultra,dense_9b,draft_0.8b,8,6,256,1,short_factual,54.773,,18.2568093385214,0.0153499999999999,,raw/D_dense_9b_draft_0.8b_g8_short_factual_r1.txt,ok
D_dense_9b_draft_0.8b_g8_short_factual_r2,2026-03-14T22:47:19.649970,m2ultra,M2 Ultra,dense_9b,draft_0.8b,8,6,256,2,short_factual,54.856,,18.229571984435797,0.0153499999999999,,raw/D_dense_9b_draft_0.8b_g8_short_factual_r2.txt,ok
D_dense_9b_draft_0.8b_g8_code_gen_r0,2026-03-14T22:47:27.430998,m2ultra,M2 Ultra,dense_9b,draft_0.8b,8,18,256,0,code_gen,54.618,,18.310077519379846,0.00454,,raw/D_dense_9b_draft_0.8b_g8_code_gen_r0.txt,ok
D_dense_9b_draft_0.8b_g8_code_gen_r1,2026-03-14T22:47:35.238576,m2ultra,M2 Ultra,dense_9b,draft_0.8b,8,18,256,1,code_gen,54.704,,18.27906976744186,0.00454,,raw/D_dense_9b_draft_0.8b_g8_code_gen_r1.txt,ok
D_dense_9b_draft_0.8b_g8_code_gen_r2,2026-03-14T22:47:43.020689,m2ultra,M2 Ultra,dense_9b,draft_0.8b,8,18,256,2,code_gen,54.696,,18.282945736434108,0.00454,,raw/D_dense_9b_draft_0.8b_g8_code_gen_r2.txt,ok
D_dense_9b_draft_0.8b_g8_long_reasoning_r0,2026-03-14T22:47:50.790276,m2ultra,M2 Ultra,dense_9b,draft_0.8b,8,25,256,0,long_reasoning,54.36,,18.396887159533073,0.003,,raw/D_dense_9b_draft_0.8b_g8_long_reasoning_r0.txt,ok
D_dense_9b_draft_0.8b_g8_long_reasoning_r1,2026-03-14T22:47:58.543076,m2ultra,M2 Ultra,dense_9b,draft_0.8b,8,25,256,1,long_reasoning,54.393,,18.3852140077821,0.003,,raw/D_dense_9b_draft_0.8b_g8_long_reasoning_r1.txt,ok
D_dense_9b_draft_0.8b_g8_long_reasoning_r2,2026-03-14T22:48:06.320419,m2ultra,M2 Ultra,dense_9b,draft_0.8b,8,25,256,2,long_reasoning,54.377,,18.389105058365757,0.003,,raw/D_dense_9b_draft_0.8b_g8_long_reasoning_r2.txt,ok
D_dense_9b_draft_0.8b_g8_chinese_r0,2026-03-14T22:48:14.090216,m2ultra,M2 Ultra,dense_9b,draft_0.8b,8,1,256,0,chinese,56.024,,17.84790874524715,0.01319,,raw/D_dense_9b_draft_0.8b_g8_chinese_r0.txt,ok
D_dense_9b_draft_0.8b_g8_chinese_r1,2026-03-14T22:48:21.832330,m2ultra,M2 Ultra,dense_9b,draft_0.8b,8,1,256,1,chinese,56.059,,17.840304182509506,0.01319,,raw/D_dense_9b_draft_0.8b_g8_chinese_r1.txt,ok
D_dense_9b_draft_0.8b_g8_chinese_r2,2026-03-14T22:48:29.537145,m2ultra,M2 Ultra,dense_9b,draft_0.8b,8,1,256,2,chinese,55.933,,17.878326996197718,0.01319,,raw/D_dense_9b_draft_0.8b_g8_chinese_r2.txt,ok
D_dense_9b_draft_0.8b_g16_short_factual_r0,2026-03-14T22:48:36.335029,m2ultra,M2 Ultra,dense_9b,draft_0.8b,16,6,256,0,short_factual,69.691,,14.348837209302326,0.00889,,raw/D_dense_9b_draft_0.8b_g16_short_factual_r0.txt,ok
D_dense_9b_draft_0.8b_g16_short_factual_r1,2026-03-14T22:48:43.112577,m2ultra,M2 Ultra,dense_9b,draft_0.8b,16,6,256,1,short_factual,69.56,,14.375968992248062,0.00889,,raw/D_dense_9b_draft_0.8b_g16_short_factual_r1.txt,ok
D_dense_9b_draft_0.8b_g16_short_factual_r2,2026-03-14T22:48:49.840192,m2ultra,M2 Ultra,dense_9b,draft_0.8b,16,6,256,2,short_factual,69.736,,14.34108527131783,0.00889,,raw/D_dense_9b_draft_0.8b_g16_short_factual_r2.txt,ok
D_dense_9b_draft_0.8b_g16_code_gen_r0,2026-03-14T22:48:57.049403,m2ultra,M2 Ultra,dense_9b,draft_0.8b,16,18,256,0,code_gen,66.438,,15.050583657587548,0.0017599999999999,,raw/D_dense_9b_draft_0.8b_g16_code_gen_r0.txt,ok
D_dense_9b_draft_0.8b_g16_code_gen_r1,2026-03-14T22:49:04.261100,m2ultra,M2 Ultra,dense_9b,draft_0.8b,16,18,256,1,code_gen,66.84,,14.961089494163424,0.0017599999999999,,raw/D_dense_9b_draft_0.8b_g16_code_gen_r1.txt,ok
D_dense_9b_draft_0.8b_g16_code_gen_r2,2026-03-14T22:49:11.465476,m2ultra,M2 Ultra,dense_9b,draft_0.8b,16,18,256,2,code_gen,66.668,,15.0,0.0017599999999999,,raw/D_dense_9b_draft_0.8b_g16_code_gen_r2.txt,ok
D_dense_9b_draft_0.8b_g16_long_reasoning_r0,2026-03-14T22:49:18.672538,m2ultra,M2 Ultra,dense_9b,draft_0.8b,16,25,256,0,long_reasoning,66.62,,15.011673151750973,0.0015,,raw/D_dense_9b_draft_0.8b_g16_long_reasoning_r0.txt,ok
D_dense_9b_draft_0.8b_g16_long_reasoning_r1,2026-03-14T22:49:25.882739,m2ultra,M2 Ultra,dense_9b,draft_0.8b,16,25,256,1,long_reasoning,66.571,,15.023346303501945,0.0015,,raw/D_dense_9b_draft_0.8b_g16_long_reasoning_r1.txt,ok
D_dense_9b_draft_0.8b_g16_long_reasoning_r2,2026-03-14T22:49:33.113738,m2ultra,M2 Ultra,dense_9b,draft_0.8b,16,25,256,2,long_reasoning,66.711,,14.988326848249027,0.0015,,raw/D_dense_9b_draft_0.8b_g16_long_reasoning_r2.txt,ok
D_dense_9b_draft_0.8b_g16_chinese_r0,2026-03-14T22:49:39.878293,m2ultra,M2 Ultra,dense_9b,draft_0.8b,16,1,256,0,chinese,68.285,,14.645914396887159,0.00389,,raw/D_dense_9b_draft_0.8b_g16_chinese_r0.txt,ok
D_dense_9b_draft_0.8b_g16_chinese_r1,2026-03-14T22:49:47.087226,m2ultra,M2 Ultra,dense_9b,draft_0.8b,16,1,256,1,chinese,67.953,,14.715953307392995,0.00389,,raw/D_dense_9b_draft_0.8b_g16_chinese_r1.txt,ok
D_dense_9b_draft_0.8b_g16_chinese_r2,2026-03-14T22:49:53.838748,m2ultra,M2 Ultra,dense_9b,draft_0.8b,16,1,256,2,chinese,67.893,,14.727626459143968,0.00389,,raw/D_dense_9b_draft_0.8b_g16_chinese_r2.txt,ok
F_base_np32_r0,2026-03-14T22:50:04.084605,m2ultra,M2 Ultra,moe_q4,none,0,32,256,0,sweep,54.927366,94.865166,18.20586116796875,,1.0,raw/F_base_np32_r0.txt,ok
F_sd_np32_r0,2026-03-14T22:50:11.297837,m2ultra,M2 Ultra,moe_q4,draft_0.8b,8,32,256,0,sweep,69.677,,14.351145038167939,1.0,,raw/F_sd_np32_r0.txt,ok
F_base_np32_r1,2026-03-14T22:50:21.568255,m2ultra,M2 Ultra,moe_q4,none,0,32,256,1,sweep,55.013395,94.8095,18.17739111328125,,1.0,raw/F_base_np32_r1.txt,ok
F_sd_np32_r1,2026-03-14T22:50:28.778407,m2ultra,M2 Ultra,moe_q4,draft_0.8b,8,32,256,1,sweep,69.536,,14.381679389312977,1.0,,raw/F_sd_np32_r1.txt,ok
F_base_np32_r2,2026-03-14T22:50:39.033206,m2ultra,M2 Ultra,moe_q4,none,0,32,256,2,sweep,55.054076,95.330667,18.16395930859375,,1.0,raw/F_base_np32_r2.txt,ok
F_sd_np32_r2,2026-03-14T22:50:46.218200,m2ultra,M2 Ultra,moe_q4,draft_0.8b,8,32,256,2,sweep,68.384,,14.622137404580153,1.0,,raw/F_sd_np32_r2.txt,ok
F_base_np64_r0,2026-03-14T22:50:56.477575,m2ultra,M2 Ultra,moe_q4,none,0,64,256,0,sweep,55.051334,110.553333,18.16486393359375,,1.0,raw/F_base_np64_r0.txt,ok
F_sd_np64_r0,2026-03-14T22:51:03.675935,m2ultra,M2 Ultra,moe_q4,draft_0.8b,8,64,256,0,sweep,67.677,,14.774809160305344,1.0,,raw/F_sd_np64_r0.txt,ok
F_base_np64_r1,2026-03-14T22:51:13.922084,m2ultra,M2 Ultra,moe_q4,none,0,64,256,1,sweep,55.132147,110.955875,18.138237953125,,1.0,raw/F_base_np64_r1.txt,ok
F_sd_np64_r1,2026-03-14T22:51:21.090713,m2ultra,M2 Ultra,moe_q4,draft_0.8b,8,64,256,1,sweep,68.219,,14.66030534351145,1.0,,raw/F_sd_np64_r1.txt,ok
F_base_np64_r2,2026-03-14T22:51:31.333998,m2ultra,M2 Ultra,moe_q4,none,0,64,256,2,sweep,55.204906,110.964583,18.11433219140625,,1.0,raw/F_base_np64_r2.txt,ok
F_sd_np64_r2,2026-03-14T22:51:38.531411,m2ultra,M2 Ultra,moe_q4,draft_0.8b,8,64,256,2,sweep,69.429,,14.404580152671755,1.0,,raw/F_sd_np64_r2.txt,ok
F_base_np128_r0,2026-03-14T22:51:48.754011,m2ultra,M2 Ultra,moe_q4,none,0,128,256,0,sweep,55.12364,148.816709,18.1410372734375,,1.0,raw/F_base_np128_r0.txt,ok
F_sd_np128_r0,2026-03-14T22:51:56.014097,m2ultra,M2 Ultra,moe_q4,draft_0.8b,8,128,256,0,sweep,65.413,,15.286259541984732,1.0,,raw/F_sd_np128_r0.txt,ok
F_base_np128_r1,2026-03-14T22:52:06.226451,m2ultra,M2 Ultra,moe_q4,none,0,128,256,1,sweep,55.124894,148.613084,18.14062451171875,,1.0,raw/F_base_np128_r1.txt,ok
F_sd_np128_r1,2026-03-14T22:52:13.432059,m2ultra,M2 Ultra,moe_q4,draft_0.8b,8,128,256,1,sweep,67.511,,14.812977099236642,1.0,,raw/F_sd_np128_r1.txt,ok
F_base_np128_r2,2026-03-14T22:52:23.678031,m2ultra,M2 Ultra,moe_q4,none,0,128,256,2,sweep,55.328912,148.639375,18.0737333984375,,1.0,raw/F_base_np128_r2.txt,ok
F_sd_np128_r2,2026-03-14T22:52:30.979825,m2ultra,M2 Ultra,moe_q4,draft_0.8b,8,128,256,2,sweep,66.481,,15.041984732824428,1.0,,raw/F_sd_np128_r2.txt,ok
F_base_np256_r0,2026-03-14T22:52:41.247068,m2ultra,M2 Ultra,moe_q4,none,0,256,256,0,sweep,55.250878,215.5345,18.099259765625,,1.0,raw/F_base_np256_r0.txt,ok
F_sd_np256_r0,2026-03-14T22:52:48.494578,m2ultra,M2 Ultra,moe_q4,draft_0.8b,8,256,256,0,sweep,65.865,,15.183206106870228,1.0,,raw/F_sd_np256_r0.txt,ok
F_base_np256_r1,2026-03-14T22:52:58.774810,m2ultra,M2 Ultra,moe_q4,none,0,256,256,1,sweep,55.10111,215.374542,18.14845475390625,,1.0,raw/F_base_np256_r1.txt,ok
F_sd_np256_r1,2026-03-14T22:53:06.048087,m2ultra,M2 Ultra,moe_q4,draft_0.8b,8,256,256,1,sweep,65.802,,15.198473282442748,1.0,,raw/F_sd_np256_r1.txt,ok
F_base_np256_r2,2026-03-14T22:53:16.324701,m2ultra,M2 Ultra,moe_q4,none,0,256,256,2,sweep,55.173649,214.884208,18.12459423828125,,1.0,raw/F_base_np256_r2.txt,ok
F_sd_np256_r2,2026-03-14T22:53:23.550276,m2ultra,M2 Ultra,moe_q4,draft_0.8b,8,256,256,2,sweep,65.907,,15.17175572519084,1.0,,raw/F_sd_np256_r2.txt,ok
F_base_np512_r0,2026-03-14T22:53:34.311068,m2ultra,M2 Ultra,moe_q4,none,0,512,256,0,sweep,55.187733,341.563042,18.1199689140625,,1.0,raw/F_base_np512_r0.txt,ok
F_sd_np512_r0,2026-03-14T22:53:41.571376,m2ultra,M2 Ultra,moe_q4,draft_0.8b,8,512,256,0,sweep,65.721,,15.217557251908397,1.0,,raw/F_sd_np512_r0.txt,ok
F_base_np512_r1,2026-03-14T22:53:52.356655,m2ultra,M2 Ultra,moe_q4,none,0,512,256,1,sweep,55.335479,341.84875,18.07158854296875,,1.0,raw/F_base_np512_r1.txt,ok
F_sd_np512_r1,2026-03-14T22:53:59.614693,m2ultra,M2 Ultra,moe_q4,draft_0.8b,8,512,256,1,sweep,65.875,,15.179389312977099,1.0,,raw/F_sd_np512_r1.txt,ok
F_base_np512_r2,2026-03-14T22:54:10.370250,m2ultra,M2 Ultra,moe_q4,none,0,512,256,2,sweep,55.153662,340.535541,18.13116226953125,,1.0,raw/F_base_np512_r2.txt,ok
F_sd_np512_r2,2026-03-14T22:54:17.582581,m2ultra,M2 Ultra,moe_q4,draft_0.8b,8,512,256,2,sweep,65.856,,15.183206106870228,1.0,,raw/F_sd_np512_r2.txt,ok
F_base_np1024_r0,2026-03-14T22:54:28.842450,m2ultra,M2 Ultra,moe_q4,none,0,1024,256,0,sweep,55.236385,685.257667,18.10400894921875,,1.0,raw/F_base_np1024_r0.txt,ok
F_sd_np1024_r0,2026-03-14T22:54:36.092249,m2ultra,M2 Ultra,moe_q4,draft_0.8b,8,1024,256,0,sweep,65.87,,15.183206106870228,1.0,,raw/F_sd_np1024_r0.txt,ok
F_base_np1024_r1,2026-03-14T22:54:47.415044,m2ultra,M2 Ultra,moe_q4,none,0,1024,256,1,sweep,55.48012,687.302375,18.0244744453125,,1.0,raw/F_base_np1024_r1.txt,ok
F_sd_np1024_r1,2026-03-14T22:54:54.719419,m2ultra,M2 Ultra,moe_q4,draft_0.8b,8,1024,256,1,sweep,65.894,,15.17557251908397,1.0,,raw/F_sd_np1024_r1.txt,ok
F_base_np1024_r2,2026-03-14T22:55:05.994347,m2ultra,M2 Ultra,moe_q4,none,0,1024,256,2,sweep,55.068178,687.551292,18.15930778125,,1.0,raw/F_base_np1024_r2.txt,ok
F_sd_np1024_r2,2026-03-14T22:55:13.255812,m2ultra,M2 Ultra,moe_q4,draft_0.8b,8,1024,256,2,sweep,65.914,,15.17175572519084,1.0,,raw/F_sd_np1024_r2.txt,ok
